min-tAccX,min-tAccY,min-tAccZ,max-tAccX,max-tAccY,max-tAccZ,mean-tAccX,mean-tAccY,mean-tAccZ,std-tAccX,std-tAccY,std-tAccZ,Label
-3.390000104904175,0.7179999947547913,-14.29800033569336,6.4070000648498535,8.96399974822998,9.020999908447266,0.7618378362039456,5.106547267855825,-2.1497365115462124,2.699982346749035,2.9144645724385616,7.450634197367685,6
-2.0969998836517334,-1.6660000085830688,-12.019000053405762,4.165999889373778,3.687000036239624,-6.750999927520753,0.7748066651324431,0.5092933409661055,-9.652183373769125,1.5581949605111325,1.4022372665195173,1.2690671447649475,6
-0.6029999852180481,-0.20999999344348907,-10.218000411987305,1.02400004863739,0.6320000290870667,-9.336999893188477,0.22484000522643327,0.152540003284812,-9.786316706339518,0.35900472694983254,0.1873052476080902,0.17025015122797338,6
0.07599999755620956,-1.3400000333786009,-10.418999671936037,1.4359999895095823,0.8040000200271606,-8.848999977111816,0.6856133364637693,0.0730066671098272,-9.736993350982665,0.34008671277146657,0.578578015256683,0.3114430930014985,6
0.5839999914169312,0.3630000054836273,-10.151000022888184,1.0149999856948853,1.2350000143051147,-9.30799961090088,0.8169066655635834,0.7256666652361552,-9.728120034535726,0.10297542546369311,0.16863915701872267,0.14545298084120475,6
0.7369999885559082,0.6990000009536743,-9.826000213623047,1.034000039100647,0.8809999823570251,-9.480999946594238,0.8779800033569336,0.8077533376216889,-9.730500055948893,0.056928702358418605,0.03503359960432483,0.06891337262106673,6
0.746999979019165,0.7269999980926514,-9.940999984741213,0.8899999856948853,0.8519999980926514,-9.57699966430664,0.8344066719214122,0.7903400039672852,-9.73355344136556,0.027003960681671952,0.024078439565662146,0.06371874156666779,6
0.8230000138282776,0.7179999947547913,-9.883000373840332,1.062999963760376,0.8519999980926514,-9.56700038909912,0.9357066726684571,0.7915600085258484,-9.70588009516398,0.05967410305855005,0.024890826784574497,0.054906424059794894,6
0.8040000200271606,0.7559999823570251,-9.826000213623047,0.9959999918937684,0.8899999856948853,-9.538000106811523,0.8939133332835303,0.8034466687838236,-9.740620053609213,0.057878502987501815,0.02967274030125778,0.057617942244264954,6
0.8040000200271606,0.7269999980926514,-9.826000213623047,1.02400004863739,0.8709999918937683,-9.644000053405762,0.883013339969847,0.7893733326594035,-9.736406669616699,0.057592045913403084,0.03126568984866543,0.042464210600614664,6
0.8330000042915344,0.746999979019165,-9.845000267028807,0.9860000014305116,0.8899999856948853,-9.56700038909912,0.8990866676966349,0.8040266732374827,-9.73002669652303,0.04014567881348679,0.02831912370485522,0.05413622243082651,6
0.9190000295639038,0.746999979019165,-9.807000160217283,1.090999960899353,0.8899999856948853,-9.480999946594238,1.0246333320935568,0.8193933395544688,-9.706246655782063,0.03880019165262168,0.033851245841273886,0.0611785502015313,6
0.8230000138282776,0.746999979019165,-9.911999702453613,1.02400004863739,0.8709999918937683,-9.510000228881836,0.9456733385721843,0.7969666707515717,-9.725226783752442,0.045375520612498194,0.031044670458567528,0.055328834574463165,6
0.8330000042915344,0.7179999947547913,-9.826000213623047,0.9480000138282776,0.8420000076293945,-9.614999771118164,0.880879993836085,0.7869666679700216,-9.742153333028158,0.02615821923675473,0.02766690618991532,0.040472595656036114,6
0.8759999871253967,0.7559999823570251,-9.79699993133545,1.10099995136261,0.8809999823570251,-9.595999717712402,0.9770933349927267,0.8204200037320455,-9.72021998723348,0.06194502628646574,0.02743858131532647,0.04903362380767246,6
0.8040000200271606,0.765999972820282,-9.826000213623047,1.0429999828338623,0.8899999856948853,-9.538000106811523,0.9355599983533224,0.8224000080426535,-9.727086715698242,0.05828296715527462,0.0303397036996857,0.04982902988346888,6
0.8899999856948853,0.746999979019165,-9.826000213623047,1.1100000143051147,0.8899999856948853,-9.54800033569336,0.9778266727924347,0.8066133379936218,-9.714513467152914,0.05732070130649454,0.03126540439079378,0.05728621602984155,6
0.8519999980926514,0.7269999980926514,-9.87399959564209,1.0149999856948853,0.8709999918937683,-9.595999717712402,0.9165199979146321,0.8152266764640808,-9.729253330230712,0.03644741332363684,0.02770239452129282,0.05857910234653553,6
0.9480000138282776,0.6990000009536743,-9.845000267028807,1.1390000581741333,0.8899999856948853,-9.43299961090088,1.0488733299573263,0.7948733365535736,-9.690360056559244,0.04548615069137403,0.03878845079885218,0.06663647903774553,6
0.8709999918937683,0.7559999823570251,-9.892999649047852,1.034000039100647,0.9190000295639038,-9.625,0.947253338098526,0.8092733458677928,-9.73017333984375,0.0530410678885572,0.02779188595149218,0.04576212782567786,6
0.8519999980926514,0.7269999980926514,-9.883000373840332,1.0820000171661377,0.8519999980926514,-9.538000106811523,0.9714000034332275,0.7988800064722696,-9.735773429870605,0.05898923530568634,0.02394737909613186,0.07449163571194596,6
0.8040000200271606,0.7179999947547913,-9.845000267028807,0.9570000171661376,0.8610000014305115,-9.595999717712402,0.8927533376216888,0.7745200006167093,-9.73182009379069,0.02931956676649437,0.032069148068456704,0.040032509895372916,6
0.8420000076293945,0.7080000042915344,-9.892999649047852,1.0529999732971191,0.8330000042915344,-9.595999717712402,0.9413666725158691,0.7715066619714102,-9.729813340504965,0.05734293433786693,0.03356305464413226,0.05277406789881553,6
0.8420000076293945,0.746999979019165,-9.826000213623047,1.090999960899353,0.8809999823570251,-9.595999717712402,0.9774533387025197,0.7954711098141141,-9.696991214752197,0.062201502833357444,0.02489496697661359,0.044118750987466246,6
0.8519999980926514,0.7269999980926514,-9.87399959564209,1.0529999732971191,0.8519999980926514,-9.510000228881836,0.9225200021266937,0.7928622251086764,-9.723408915201823,0.049254325604391615,0.027585733948398052,0.05490424348786095,6
0.8809999823570251,0.7179999947547913,-9.87399959564209,1.090999960899353,0.8519999980926514,-9.625,0.9559666629632314,0.7876066720485687,-9.74354014078776,0.0695305160243598,0.028179602996730446,0.057944728899814786,6
0.8809999823570251,0.6700000166893005,-9.826000213623047,1.1100000143051147,0.8610000014305115,-9.510000228881836,0.9758333353201548,0.8078133420149485,-9.7016534614563,0.07104997349805245,0.03441433900174863,0.0537533091988575,6
0.8809999823570251,0.7080000042915344,-9.911999702453613,1.062999963760376,0.8899999856948853,-9.54800033569336,0.9475066769123077,0.7962800014019012,-9.72175999323527,0.0412468641486149,0.04193966168828269,0.0627649706263971,6
0.8809999823570251,0.746999979019165,-9.845000267028807,1.10099995136261,0.8709999918937683,-9.54800033569336,0.9833933353424072,0.802673343817393,-9.702740103403727,0.07124316070297206,0.022685883121241916,0.05689328390803397,6
0.8809999823570251,0.7179999947547913,-9.845000267028807,1.090999960899353,0.9190000295639038,-9.614999771118164,0.9768666712443034,0.8012933421134949,-9.735386759440104,0.06015738990416739,0.03545082313917815,0.04232376075518019,6
0.8709999918937683,0.746999979019165,-9.98799991607666,0.9959999918937684,0.8709999918937683,-9.614999771118164,0.9181066707770029,0.7971733423074087,-9.740933437347412,0.028167966913704642,0.021681397922305893,0.05002690321331427,6
0.8809999823570251,0.746999979019165,-9.845000267028807,1.0820000171661377,0.8899999856948853,-9.529000282287598,0.9823000073432923,0.8144200038909912,-9.709733454386393,0.05495979021969529,0.02954984843320708,0.06416278481461997,6
0.8610000014305115,0.746999979019165,-9.892999649047852,1.0086666544278464,0.9190000295639038,-9.57699966430664,0.9174933334191641,0.8021266718705495,-9.724186738332113,0.03700122187569504,0.029542422203403796,0.05333050823421442,6
0.8869999845822653,0.765999972820282,-9.826000213623047,1.10099995136261,0.8899999856948853,-9.43299961090088,0.9846400052971309,0.8179466712474823,-9.71300671895345,0.059983528078191295,0.025832145456121603,0.07207624170243476,6
0.8230000138282776,0.765999972820282,-9.826000213623047,1.1200000047683716,0.8899999856948853,-9.529000282287598,1.014804456366433,0.8285333375136058,-9.710840123494465,0.0820723156089058,0.028010648555051313,0.05567966082345836,6
0.8809999823570251,0.7749999761581421,-9.87399959564209,1.0529999732971191,0.8809999823570251,-9.480999946594238,0.9395488941669464,0.8255200080076853,-9.700700035095215,0.039713245373503896,0.01967713361016503,0.061007427019512776,6
0.8899999856948853,0.7559999823570251,-9.79699993133545,1.062999963760376,0.8899999856948853,-9.461999893188477,0.9444599962234497,0.8250333392620086,-9.685773410797118,0.048292097805490854,0.030989528737094166,0.05381082579809022,6
0.8809999823570251,0.0,-9.777999877929688,1.0820000171661377,0.8899999856948853,-9.56700038909912,0.961986669699351,0.7831866665681203,-9.693246777852377,0.055375538124412364,0.10375357289274742,0.04620807757291476,6
0.8420000076293945,0.746999979019165,-9.845000267028807,1.0149999856948853,0.8519999980926514,-9.54800033569336,0.9263600075244903,0.8001733370622,-9.714433466593425,0.03086148835099101,0.027653438430481802,0.05997728211090297,6
0.8709999918937683,0.6890000104904175,-9.826000213623047,0.9670000076293944,0.8519999980926514,-9.595999717712402,0.9121200021107991,0.7965066734949747,-9.721460030873617,0.024956606067460446,0.03654026661320481,0.04931015221353191,6
0.8519999980926514,0.7850000262260437,-9.826000213623047,1.1299999952316284,0.9190000295639038,-9.538000106811523,1.0012466740608215,0.8226066792011261,-9.696393489837646,0.0498383237287346,0.026834942914044087,0.05265330744776375,6
0.8709999918937683,0.0,-9.826000213623047,1.1390000581741333,0.8809999823570251,-9.529000282287598,0.9981000097592672,0.789333344300588,-9.702604520585803,0.05449927040725285,0.09463414426074232,0.059910292403182394,6
0.9190000295639038,0.7179999947547913,-9.826000213623047,1.062999963760376,0.8709999918937683,-9.5,0.9921733506520589,0.8068466766675313,-9.699095664554171,0.03766367204876281,0.02932390857283879,0.060137452412514746,6
0.8899999856948853,0.7269999980926514,-9.807000160217283,1.090999960899353,0.8899999856948853,-9.461999893188477,0.9747866714000701,0.7898866673310597,-9.697880071004231,0.05339292063687886,0.02704933483177212,0.06192528540784134,6
0.8230000138282776,0.6990000009536743,-9.845000267028807,0.9570000171661376,0.8330000042915344,-9.57699966430664,0.8960999945799509,0.7627066572507223,-9.71784678141276,0.02287080387395292,0.029546149252202104,0.05241250110382174,6
-554501.9375,-772874.25,-9.940999984741213,1.062999963760376,0.8610000014305115,-9.5,-125686.38792666754,-92744.22076000055,-9.706738717397053,232156.5755992436,251154.65807690824,0.06170831186672716,6
-554501.9375,-772874.25,-758250.625,0.7749999761581421,0.2770000100135803,-9.678200149536133,-240283.7668566672,-427656.97711333283,-384185.1315880165,234576.88823424838,363065.2036465439,363799.5666429289,6
0.6600000262260437,0.0860000029206276,-10.008000373840332,0.8140000104904175,0.2770000100135803,-9.595999717712402,0.7592066558202107,0.1533000013232231,-9.759559904734294,0.02668103535133772,0.03863209243861833,0.07814272623315133,6
0.5839999914169312,0.0860000029206276,-9.911999702453613,0.746999979019165,0.3059999942779541,-9.461999893188477,0.6772733414173127,0.2353466634452343,-9.763740075429281,0.03162942986921601,0.04702090471340461,0.08367290512966688,6
0.6029999852180481,0.16200000047683716,-9.98799991607666,0.7369999885559082,0.2960000038146973,-9.682000160217283,0.6612266802787781,0.2431666656335195,-9.77877342224121,0.02359527511121455,0.028193790009728166,0.04923330057578869,6
0.6119999885559082,0.0,-10.055999755859377,0.7369999885559082,0.3440000116825104,-9.595999717712402,0.6803800121943155,0.2063466673096021,-9.781366634368897,0.02295804248287982,0.046874323151863566,0.07618473679752288,6
0.5550000071525574,0.0860000029206276,-9.892999649047852,0.7269999980926514,0.3059999942779541,-9.644000053405762,0.6792533413569133,0.2074066653350989,-9.777906684875488,0.03051949360255823,0.037035958032118635,0.052804977396092606,6
0.6119999885559082,0.05700000002980232,-9.911999702453613,0.8519999980926514,0.2870000004768372,-9.625,0.7555733259518941,0.1673733339458704,-9.788873411814372,0.041056940598211966,0.04733938157657451,0.05688940959818773,6
0.6890000104904175,-0.008999999612569809,-9.920999526977539,0.8709999918937683,0.2199999988079071,-9.57699966430664,0.771299988826116,0.1307866681118806,-9.767933317820232,0.0338490371922662,0.0521199753715157,0.054854368374928394,6
-554501.9375,0.0,-772874.25,0.7940000295639038,0.2489999979734421,-9.682000160217283,-221128.211016366,0.10434000005324681,-334917.7212465986,248179.01511132525,0.1004971691721059,380373.56743004103,6
-50408.64977270906,-0.2290000021457672,-386441.9805002213,1.1200000047683716,0.2199999988079071,-9.625,-671.1137636078125,-0.06015333374341329,-5162.156180254619,5781.871118995169,0.09918516713373464,44322.87927787288,6
0.6600000262260437,-0.1430000066757202,-9.98799991607666,1.034000039100647,0.15299999713897705,-9.42300033569336,0.889446667432785,0.05176666670789321,-9.77176664352417,0.08213885165418004,0.07038418402144431,0.11744436881510804,6
0.8230000138282776,-0.05700000002980232,-9.949999809265137,1.034000039100647,0.16200000047683716,-9.54800033569336,0.9251666728655498,0.07478666669378678,-9.758133366902669,0.03989898965219822,0.04171993561475376,0.0700615277894879,6
0.7369999885559082,0.02800000086426735,-9.998000144958496,0.9760000109672546,0.20100000500679016,-9.529000282287598,0.8886399976412456,0.12018222350213262,-9.765568883683947,0.03689108517970141,0.04116907553916387,0.07432658586105464,6
-554501.9375,-772874.25,-772874.25,0.9190000295639038,0.20100000500679016,-9.625,-55449.43242999871,-51524.83116222111,-30924.36253779941,158462.36779226767,167526.87711547583,128707.6572001462,6
0.6990000009536743,0.05700000002980232,-9.911999702453613,0.8809999823570251,0.20100000500679016,-9.595999717712402,0.8235266733169556,0.1276133343577385,-9.77606663386027,0.02853826304528305,0.0301801901443705,0.059115188435658085,6
0.6700000166893005,-1.0820000171661377,-10.30500030517578,1.4650000333786009,0.20100000500679016,-9.25100040435791,0.8723466710249583,-0.03521333364148935,-9.720606810251871,0.14094080286056992,0.24366724586743277,0.15459248326210506,6
0.7269999980926514,-1.2059999704360962,-10.074999809265137,1.5509999990463257,-0.04699999839067458,-9.116999626159668,0.9426399966080984,-0.4199366683512926,-9.77309999042087,0.15846230195346023,0.31444325767605225,0.17499199358456688,6
-554501.9375,-772874.25,-772874.25,0.8899999856948853,0.16200000047683716,-9.529000282287598,-51752.84634667635,-30914.884830000476,-10314.615226622687,161304.26768489688,128709.29572134854,88645.75694379659,6
0.640999972820282,0.02800000086426735,-10.0649995803833,0.8230000138282776,0.1430000066757202,-9.595999717712402,0.7558533251285553,0.09039333398143451,-9.784026737213134,0.03341713307309599,0.025601846567739013,0.06778585316860622,6
0.6790000200271606,-0.0860000029206276,-9.968999862670898,0.8519999980926514,0.15299999713897705,-9.538000106811523,0.7932600037256876,0.012000000004967053,-9.757433376312257,0.02833787984850062,0.03970755095515789,0.08364384868424239,6
0.6790000200271606,-0.01899999938905239,-9.940999984741213,0.8040000200271606,0.1720000058412552,-9.644000053405762,0.7305533250172933,0.09497333358973264,-9.772820002237955,0.020883854755694046,0.041294394755413764,0.05882873674738348,6
0.6890000104904175,0.01899999938905239,-9.845000267028807,0.765999972820282,0.10499999672174454,-9.711000442504883,0.7243333260218302,0.04974666697283586,-9.780793272654215,0.01281465618344717,0.021610677346861784,0.032921700687091965,6
0.6790000200271606,-0.06700000166893005,-9.960000038146973,0.8140000104904175,0.1340000033378601,-9.5,0.7407866581281026,0.06024666680643956,-9.761046714782715,0.029170688460358946,0.04699904914699684,0.061226388650207866,6
0.5839999914169312,0.05700000002980232,-9.960000038146973,0.7749999761581421,0.19099999964237213,-9.595999717712402,0.683140006462733,0.11840666748583317,-9.775999978383382,0.026426082007186564,0.02637735137093032,0.05955184670019022,6
0.6029999852180481,0.02800000086426735,-10.008000373840332,0.7369999885559082,0.1720000058412552,-9.595999717712402,0.6773866752783457,0.10807333402335643,-9.780499992370606,0.02735435525708464,0.032845354130947864,0.05449481075698329,6
0.621999979019165,0.04699999839067458,-10.083999633789062,0.7559999823570251,0.1720000058412552,-9.510000228881836,0.6900600083669026,0.1197533347706,-9.76137336730957,0.02482377103792014,0.027532303857100426,0.07914467212337431,6
0.6320000290870667,0.01899999938905239,-10.027000427246094,0.7369999885559082,0.19099999964237213,-9.595999717712402,0.6907333409786225,0.11828000082323949,-9.78494670232137,0.02229804089365225,0.036929323677729595,0.06308361541711756,6
0.6700000166893005,0.0,-9.87399959564209,0.7940000295639038,0.20100000500679016,-9.529000282287598,0.7304333253701528,0.10442000016570091,-9.760886713663737,0.024676207506370482,0.04714680315858875,0.05561620608811369,6
-554501.9375,-0.0860000029206276,-772874.25,0.8330000042915344,0.1720000058412552,-9.625,-29572.742660004697,0.07236000092079242,-25771.92698673884,104108.95886257644,0.05013915568924406,131361.70176006897,6
-554501.9375,0.0,-772874.25,0.7179999947547913,0.20100000500679016,-9.614999771118164,-167308.5115918423,0.12249466734462314,-72143.81749340058,235731.78465388916,0.05958029507464418,224825.48700526168,6
-554501.9375,-772874.25,-772874.25,0.7559999823570251,0.20999999344348907,-9.529000282287598,-135818.22892147605,-123659.79420799958,-214262.6529399872,203911.94210848887,245884.38508630826,316814.936175526,6
0.5170000195503235,0.0,-10.027000427246094,0.6990000009536743,0.25799998641014105,-9.57699966430664,0.6480266777674357,0.16990666935841242,-9.778926595052083,0.033750964889421003,0.03450710298235474,0.06019902797971056,6
0.6029999852180481,-0.04699999839067458,-9.892999649047852,0.7749999761581421,0.19099999964237213,-9.56700038909912,0.7187133284409841,0.07093333370983601,-9.767393372853597,0.03143534939733293,0.04433878029872474,0.0668159163062097,6
0.5450000166893005,0.04699999839067458,-9.98799991607666,0.746999979019165,0.2489999979734421,-9.480999946594238,0.6613666721185049,0.16408000240723292,-9.80065335591634,0.036339635138638166,0.03755565096474495,0.07004350488399715,6
0.6119999885559082,-0.01899999938905239,-10.11299991607666,0.7559999823570251,0.2199999988079071,-9.663000106811523,0.6945400007565816,0.1343600009381771,-9.788386751810709,0.03445146018129392,0.05553300712310115,0.08023927128449117,6
0.5450000166893005,0.0860000029206276,-10.027000427246094,0.7179999947547913,0.2489999979734421,-9.652999877929688,0.6615133492151896,0.19176000222563744,-9.787653363545736,0.02555059702382943,0.031126041393940523,0.049976063694556386,6
0.6510000228881836,0.02800000086426735,-10.008000373840332,0.7749999761581421,0.19099999964237213,-9.682000160217283,0.7228844388326009,0.10071999981999397,-9.78809346516927,0.026750231446284613,0.040300327667359394,0.07033187960990202,6
0.6119999885559082,-0.04699999839067458,-9.949999809265137,0.8040000200271606,0.20999999344348907,-9.625,0.6995888920625051,0.1108466675132513,-9.785393308003744,0.03703975485160028,0.054076138005465596,0.058201992020755454,6
0.5450000166893005,0.07599999755620956,-9.960000038146973,0.7179999947547913,0.23899999260902405,-9.663000106811523,0.6563666737079621,0.17536666880051294,-9.776179943084717,0.028523147025756212,0.02837475359191992,0.056320000949975475,6
0.6119999885559082,0.07599999755620956,-9.911999702453613,0.746999979019165,0.23899999260902405,-9.480999946594238,0.6682733468214671,0.16684666762749353,-9.782440102895102,0.026083165994500924,0.032906812939059414,0.06873056865143895,6
-554501.9375,0.0,-772874.25,0.7749999761581421,0.20999999344348907,-9.480999946594238,-147866.66253999987,0.08721999982992808,-105634.50288997868,245210.29701187796,0.06130619184985968,233338.94708731468,6
-554501.9375,1.7351999282836914,-386437.42149999744,4.855000019073486,8.991999626159668,8.130000114440918,-22176.897399981815,7.3153999487559,-12876.31322333316,108660.39379816168,1.1891507243775197,59728.98311180622,6
2.125999927520752,8.437000274658201,1.7519999742507937,2.9590001106262207,9.194000244140623,3.96399998664856,2.6578533395131427,8.676353327433269,3.199013338883718,0.1786641328081759,0.13511626016138042,0.4909554258549971,6
2.25,8.590000152587889,2.7860000133514404,3.0550000667572017,8.954000473022461,3.5720000267028813,2.7198133341471356,8.712866566975912,3.198260016441345,0.1105986763376827,0.05909983986823682,0.1442531111537743,6
2.365000009536743,8.762999534606934,0.8709999918937683,2.996999979019165,9.26099967956543,3.4089999198913574,2.6898266649246216,9.03071995417277,1.8971200001239776,0.14416184506693464,0.11153560121436532,0.6213479283999622,6
2.470000028610229,9.039999961853027,0.9380000233650208,2.8340001106262207,9.26099967956543,1.4359999895095823,2.6983733399709067,9.174940020243326,1.1823600097497304,0.06962106455058584,0.043631464603067924,0.1131809815383761,6
2.3940000534057617,9.01200008392334,0.7850000262260437,2.9590001106262207,9.298999786376953,1.98199999332428,2.6374466784795128,9.160159962972005,1.3547866797447206,0.14247201054477418,0.05511709133925471,0.27732076171924797,6
1.5609999895095823,8.437000274658201,1.2059999704360962,3.13100004196167,9.43299961090088,3.6389999389648438,2.396733341217041,9.04879337310791,2.0630066617329916,0.39748684025649317,0.1875626860865019,0.600422360937461,6
1.6180000305175781,8.753000259399414,1.9630000591278083,2.671999931335449,9.347000122070312,3.505000114440918,2.0416799918810526,9.043173344930013,2.8135400136311848,0.23810696670845374,0.10469423917005512,0.30868470982781515,6
-0.4300000071525574,3.936000108718872,2.345999956130981,2.2980000972747803,9.20300006866455,8.991999626159668,0.6606749990722165,5.978150006135305,6.464637512962024,1.0962854690526058,2.4148515609518375,2.9389333846037755,10
-0.6600000262260437,3.5139999389648438,-12.201000213623047,5.497000217437744,9.279999732971193,10.659000396728516,0.8622400025029977,5.353853311538696,7.540753274957339,0.9312896919930183,1.0985291435162399,3.3516293587735584,13
0.9570000171661376,7.507999897003174,-0.25799998641014105,2.8340001106262207,11.770000457763672,2.5369999408721924,1.9550066669782002,9.404393326441447,0.7190333328892787,0.3950726486819525,1.0939560221714684,0.6314965394840263,13
-3.96399998664856,-5.727000236511231,-1.1970000267028809,16.586999893188473,27.37100028991699,10.123000144958496,1.2667600168536106,7.022379963050286,3.294673316280047,2.9690189043882405,8.114875659182797,2.677293994117085,13
-4.0219998359680185,-6.329999923706055,-1.809999942779541,16.14699935913086,37.56100082397461,11.071000099182127,2.6560333373149234,9.339280037681261,2.8714666734139125,4.465684457617664,12.271003544155308,2.643862519830477,13
-4.605999946594238,-5.8510000705718985,-2.441999912261963,19.738000869750977,37.13000106811523,10.467000007629396,2.626179979046186,8.01588665664196,3.3389399724205333,5.341914435256817,12.09970102069215,2.2222323449942687,13
-7.269000053405763,-6.061999797821045,-2.000999927520752,8.991999626159668,39.05500030517578,14.824999809265135,0.9187533245484034,8.901526670654615,3.564206643899282,3.0818170142296695,11.429232820885995,2.6977102375364326,13
-7.9679999351501465,-7.039000034332275,-1.9630000591278083,15.467000007629395,37.51300048828125,8.388999938964844,1.9279533459742864,8.35844009757042,2.9458066619435948,4.027429889442427,11.432543987716919,2.156913538182545,13
-5.410999774932861,-5.880000114440918,-2.98799991607666,19.374000549316406,36.78499984741211,15.677000045776367,1.903999996582667,9.011380007266999,3.263393322130044,4.875057997759675,11.516514120505544,3.1770778421145645,13
-5.6500000953674325,-6.684000015258789,-5.602000236511231,24.114999771118164,43.04899978637695,10.744999885559082,1.9507533075412113,9.988833331267038,2.526526653667291,4.752947437403269,12.490169511755724,2.8246808343380585,13
-9.69200038909912,-6.501999855041504,-2.1059999465942383,15.399999618530273,40.24300003051758,9.079000473022461,0.8265066440900167,9.337126673062642,3.0918733350435894,4.077371191274681,12.126131979863809,2.3540247240409964,13
-7.249000072479247,-7.077000141143799,-7.296999931335449,14.30799961090088,36.249000549316406,8.331999778747559,1.446646637916565,9.595740115642547,2.9997000002861025,3.791932630255601,12.227683007877978,2.591644320317349,13
-8.10200023651123,-6.291999816894531,-1.1770000457763672,17.11400032043457,33.31800079345703,9.050000190734863,1.3830800001323222,8.148126718600592,3.1632266751428446,4.538569918979284,11.250177844151684,2.168168360002891,13
-4.2129998207092285,-4.251999855041504,-7.46999979019165,24.27799987792969,40.42499923706055,6.991000175476074,2.09602665429314,9.351179975544413,2.4747000179688134,4.513098808552643,11.527530393957566,2.0588930674306494,13
-2.068000078201294,-4.309000015258788,-2.220999956130981,17.277000427246097,26.61400032043457,11.491999626159668,1.9061466798186302,6.72326670606931,4.578826669454576,2.8862744478252518,7.006475221922728,4.3275715582397565,13
-7.210999965667725,1.684999942779541,-14.835000038146973,4.902999877929688,13.963000297546387,12.324999809265135,0.3961315736174583,5.929710491707451,5.224184141033574,1.4828575902674572,3.496660010395624,5.253464663885549,13
-3.3129999637603764,-7.114999771118164,-3.1600000858306885,5.285999774932861,29.68899917602539,9.758999824523926,1.192353317398164,8.567168889840444,2.562313316911459,2.166295602618319,8.490593860659713,2.27137073388038,13
-9.050000190734863,-8.005999565124513,-3.5720000267028813,10.343000411987305,31.20199966430664,17.325000762939453,1.4190666646179226,10.232057824718455,3.199393342336019,3.5847421404658153,11.236585584332339,3.2673423865106437,13
-5.199999809265137,-6.396999835968018,-2.7669999599456787,12.699000358581545,41.54499816894531,8.791000366210938,0.2895199957986673,9.68380662937959,2.7722533524036406,3.5508479653522245,12.343991674727818,2.393630439341986,13
-6.473999977111816,-7.872000217437744,-3.13100004196167,10.428999900817873,37.26399993896485,10.170000076293944,0.6779666787385941,9.38189339339733,2.839400012095769,3.331709053358399,12.109970553078883,2.7652358660090974,13
-8.22599983215332,-6.866000175476074,-2.2690000534057617,15.486000061035154,38.86399841308594,10.77400016784668,0.9547533272455136,8.833293367698788,2.411993332008521,4.394646417276231,12.532379912151796,2.860037065849009,13
-5.927999973297119,-8.503999710083008,-3.246000051498413,19.01000022888184,38.63399887084961,9.317999839782717,1.669066661198934,9.741586744561792,2.473806675672531,4.887736270449252,12.535657609246801,2.8205677407826286,13
-6.675000190734862,-9.461999893188477,-6.301000118255615,17.957000732421875,36.62300109863281,10.30500030517578,1.5940666790306568,10.667640026807785,2.0175466857353848,4.739572001649559,13.149702197513903,2.7349511529539177,13
-7.460000038146973,-8.52299976348877,-2.977999925613404,19.85300064086914,38.70100021362305,9.347000122070312,0.5244933759172757,7.57119326988856,2.3203933293620747,4.132139389307838,11.905343184943943,2.3472289072951877,13
-7.699999809265138,-7.958000183105469,-3.246000051498413,29.381999969482425,41.487998962402344,9.826000213623047,1.8217866802215577,10.547853177661697,2.819786659864088,5.888127784265606,12.889994019269679,2.9911566428220357,13
-4.500999927520752,-7.077000141143799,-2.125999927520752,20.13999938964844,40.81700134277344,6.664999961853027,2.1728466391563415,8.772639980614185,1.9565600010876854,3.9916397390122897,12.13606474412133,2.092201954242706,13
-4.7210001945495605,-7.679999828338622,-2.509000062942505,24.766000747680664,35.27199935913086,12.862000465393065,1.8853333526353042,9.976066602269809,2.0756200062980255,4.779779676752453,12.31504410839226,2.5666022611210533,13
-4.625,-6.8379998207092285,-2.700000047683716,13.770999908447266,33.049999237060554,12.133999824523926,3.1862111078368294,9.123537723289596,2.2845466512441637,4.342404471861205,11.019350004852866,2.8698652102115862,13
-5.256999969482422,-8.560999870300293,-3.4860000610351562,18.511999130249023,34.32400131225586,8.64799976348877,2.061935537424352,7.9094067245721815,1.728246663014094,4.652687883576365,10.623603678508061,2.051132415373422,13
-8.685999870300293,-5.89900016784668,-2.2690000534057617,9.711000442504883,33.174999237060554,9.777999877929688,1.0070000213053492,9.524062286747826,2.164926668393115,3.937724886758793,11.196929655380467,2.613591610509683,13
-5.966000080108643,-6.501999855041504,-7.144000053405763,20.36100006103516,39.04600143432617,11.33899974822998,0.9974600275357565,9.165746709654728,1.855426667133967,5.1311598255019115,12.872136143341493,2.8523972015052017,13
-5.736000061035156,-7.804999828338622,-2.450999975204468,19.996999740600586,39.38999938964844,10.869999885559082,0.4570999907122718,8.324100035826365,2.7490533365805945,3.7009515750265276,12.786272352829043,2.6591872070119615,13
-6.043000221252441,-7.679999828338622,-3.2750000953674316,10.515000343322754,40.58700180053711,10.008000373840332,0.8646666557921304,10.574206692030032,1.9242200048764546,3.3730286059393944,12.899598774788593,2.7064108464468477,13
-6.51200008392334,-8.293000221252441,-2.441999912261963,11.368000030517578,36.95800018310547,9.385000228881836,1.356293330093225,8.929833345015844,2.7047933515906335,3.5453158190344696,12.399857667748886,2.5175941304274683,13
-8.513999938964844,-7.315999984741211,-5.745999813079834,13.27299976348877,38.691001892089844,8.829999923706055,0.8367266748348872,8.665753422578176,2.2095999925086898,3.886256130638604,12.527251457662722,2.373735726752221,13
-6.052000045776367,-7.498000144958496,-5.458000183105469,16.46299934387207,42.0620002746582,9.355999946594238,0.9195666573445003,9.40379994948705,2.5217799754689136,4.11756058603527,13.175785519269427,2.6925239470394295,13
-6.798999786376952,-8.340999603271483,-1.2450000047683716,10.515000343322754,41.42100143432617,13.263999938964846,0.7776533704002699,9.631813515027364,2.9872933519879976,3.7452700818263964,12.940199322803084,2.543883742193645,13
-5.01800012588501,-7.019999980926514,-5.190000057220459,11.02299976348877,40.6349983215332,10.77400016784668,1.2315199755132198,8.990046529173851,2.924500011950731,3.645446225788538,12.56309271720201,2.8166460284209474,13
-5.0370001792907715,-8.868000030517578,-7.928999900817871,15.58199977874756,41.22000122070313,12.842000007629395,1.0009933086733023,9.920633304516475,2.745853324731191,3.96707234599058,13.062918677077482,3.299525796052032,13
-3.2939999103546143,-8.303000450134277,-3.0450000762939453,9.510000228881836,36.56499862670898,8.878000259399414,1.7779733391602834,8.20401987237235,2.4879266864061353,3.556640392704403,13.698792320662507,2.617863080819445,13
-9.69200038909912,-9.039999961853027,-0.7749999761581421,15.05500030517578,40.8650016784668,9.758999824523926,1.6366999765237173,10.82325345059236,3.0754999878754217,5.03376922839147,13.925425086709236,2.1180418881269927,13
-7.756999969482423,-6.656000137329103,-4.797999858856201,16.653999328613278,39.24700164794922,9.777999877929688,-0.9703399991989136,8.96461997528871,2.315166680216789,3.519788805850492,12.568929893111292,2.591106335640602,13
-5.745999813079834,-7.239999771118164,-2.470000028610229,13.800000190734865,38.22200012207031,9.538000106811523,0.5458199935903152,9.188080062866211,2.602166669083138,4.006107761752796,12.223758490670196,2.8389065491354386,13
-554501.9375,-9.67199993133545,-772874.25,12.498000144958494,36.08599853515625,9.107000350952148,-33268.94503667315,8.990799928506215,-36065.52800001239,109364.90616162113,12.410064025129943,146959.4950489885,13
-6.2729997634887695,-6.894999980926514,-3.6010000705718994,18.273000717163086,36.1150016784668,13.494000434875488,0.41453336683412395,10.170446595549583,2.77018668115139,4.682116079823263,12.48794255885875,2.9257220555830368,13
-8.465999603271483,-4.635000228881836,-3.9839999675750732,13.838000297546387,40.91299819946289,9.001999855041504,1.4129867067933082,9.510273371537526,1.771346666092674,4.5470178876589955,11.087283402028003,2.620090854222714,13
-554501.9375,-772874.25,-758250.625,10.696999549865724,31.97800064086914,7.488999843597412,-62842.826923342174,-46365.8008399423,-55602.34061999659,168331.06946628803,149468.39306573768,185147.6323330488,13
-1.1329999764760337,-0.25799998641014105,7.374000072479247,4.913000106811523,3.954999923706055,10.72599983215332,1.3883066793282828,1.8096333374703923,9.388542215559218,1.5852804106778737,1.089710332450513,0.8616154351457688,13
-1.2640000581741333,3.4189999103546143,7.526999950408935,1.8480000495910645,5.056000232696533,10.0649995803833,0.5863533365726471,4.181586615244547,8.69534443643358,0.7380363331462431,0.44246758306003886,0.47483069389619287,13
-0.9089999794960022,3.532999992370605,7.019999980926514,0.5450000166893005,5.218999862670898,9.767999649047852,-0.21152666735152403,4.307933338483175,8.689800011316935,0.38114119070543956,0.4486190298514932,0.4824357985377185,13
-1.98199999332428,3.006999969482422,-13.427000045776367,2.2980000972747803,9.883000373840332,10.03600025177002,-0.11992373090174238,5.828008517370385,6.038290979701099,0.8455083342394171,2.635746341812097,4.4360828526485845,7
0.0860000029206276,9.385000228881836,-0.23899999260902405,1.1770000457763672,9.911999702453613,0.9380000233650208,0.5714333378771941,9.615353349049887,0.386308892087804,0.2849161623235147,0.1067691996812389,0.23571465786311724,4
0.15299999713897705,9.336999893188477,0.0949999988079071,1.1970000267028809,9.883000373840332,1.2450000047683716,0.5812866679827372,9.595733388264973,0.7030666766564051,0.2555004151741318,0.12358545222839754,0.253789661795779,4
0.3630000054836273,9.385000228881836,-0.6890000104904175,1.2640000581741333,9.835000038146973,1.4359999895095823,0.7930933370192845,9.62824000676473,0.41743333185712495,0.19780919776607125,0.10735561186484711,0.5503391874626281,4
0.5450000166893005,9.37600040435791,-0.8809999823570251,2.0969998836517334,9.74899959564209,0.1809999942779541,1.4778066670894623,9.529726689656576,-0.298380001783371,0.35597987354902383,0.08483411027514931,0.19358955929215355,4
0.6029999852180481,9.404000282287598,-1.3400000333786009,1.5410000085830688,9.711000442504883,-0.2870000004768372,1.1477600101629892,9.557326685587565,-0.7930666748682658,0.1853766901309308,0.061127093506196724,0.2776885811536404,4
0.8709999918937683,9.519000053405762,-0.8330000042915344,1.090999960899353,9.633999824523926,-0.5450000166893005,0.9549066754182179,9.575593299865723,-0.6959733359018961,0.04758632114237281,0.023747656144559287,0.05783777239204001,4
0.640999972820282,9.184000015258787,-1.3589999675750732,1.406999945640564,9.767999649047852,-0.5450000166893005,0.9116799998283386,9.554040056864421,-0.941666669845581,0.13303126298365675,0.09585190004217922,0.1884363802996413,4
0.6600000262260437,8.991999626159668,-1.3880000114440918,1.4170000553131104,9.949999809265137,-0.7850000262260437,0.9779933408896129,9.540220025380453,-1.107886672814687,0.19520871358468397,0.17563924379576262,0.15189461992477263,4
0.765999972820282,9.45199966430664,-1.2920000553131104,1.1679999828338623,9.682000160217283,-0.6700000166893005,0.9274200034141541,9.556799990336101,-1.0192066717147827,0.07507697221760665,0.051178144594772546,0.1203172979281131,4
0.7749999761581421,9.510000228881836,-0.8999999761581421,1.0820000171661377,9.663000106811523,-0.2960000038146973,0.9674533390998841,9.591986643473307,-0.6198533360163371,0.061649335854375896,0.029967657947703803,0.12834270420177032,4
0.8230000138282776,9.442999839782717,-0.9959999918937684,1.1100000143051147,9.657999992370604,-0.4975000023841858,0.982920001745224,9.577753302256266,-0.7814799976348877,0.06195732594902622,0.041969462355316574,0.09290483700846872,4
0.8899999856948853,9.510000228881836,-0.8519999980926514,1.10099995136261,9.652999877929688,-0.5070000290870667,1.0010200107097627,9.578933353424071,-0.7373933315277099,0.042473789590398374,0.030037367518463226,0.06033828356906953,4
0.9190000295639038,9.489999771118164,-0.8899999856948853,1.090999960899353,9.663000106811523,-0.6029999852180481,0.9998800039291382,9.57913330713908,-0.7546200029055278,0.03953717030151098,0.032152539260587365,0.06448347854354844,4
0.4979999959468842,9.470999717712402,-0.9190000295639038,1.253999948501587,9.69200038909912,0.04699999839067458,0.9747066670656204,9.590320002237956,-0.5990200041234494,0.11818270790608684,0.04719002109722353,0.15841236877281667,4
0.7179999947547913,9.538000106811523,-0.25799998641014105,1.378999948501587,9.767999649047852,0.2870000004768372,1.0195199950536091,9.621466592152913,-0.06509333379566669,0.15085534263783645,0.03887587014366846,0.11811995209880986,4
0.7749999761581421,9.56700038909912,-0.2870000004768372,0.8999999761581421,9.701000213623047,0.20100000500679016,0.8367600003878276,9.640335500505236,-0.05984666665395101,0.030002221989460096,0.03037689086188727,0.12205305857156822,4
0.7749999761581421,9.57699966430664,-0.16200000047683716,0.9190000295639038,9.701000213623047,0.4779999852180481,0.8496000011761983,9.638817693922254,0.12008666609724362,0.02634191370290303,0.024322164036771038,0.1321632487612391,4
0.7369999885559082,9.54800033569336,0.1340000033378601,0.9190000295639038,9.73900032043457,0.9480000138282776,0.8179800017674764,9.637039985656738,0.4864933369557063,0.039081692899709954,0.03261117126698739,0.2572213357662911,4
0.5260000228881836,9.5,-0.5740000009536743,0.9959999918937684,9.960000038146973,0.4399999976158142,0.8433199997742971,9.643346652984619,-0.11934666698177655,0.0714783694752342,0.06521946966224278,0.17299398692022902,4
0.6990000009536743,9.54800033569336,-0.5070000290870667,1.0820000171661377,9.815999984741213,0.7369999885559082,0.9135933395226796,9.636573333740234,0.07012000059088071,0.06382777472416046,0.044589171687831546,0.3237232874734221,4
0.6790000200271606,9.586000442504883,-0.11900000274181365,1.034000039100647,9.720000267028807,0.746999979019165,0.9518400124708811,9.631333255767823,0.43100667039553325,0.048078063746641087,0.023823941728042048,0.22683504586758504,4
0.8899999856948853,9.54800033569336,-0.2290000021457672,1.187000036239624,9.758999824523926,0.0949999988079071,0.990193338394165,9.629526583353679,-0.08682000098129114,0.04598231503692921,0.03320068753136934,0.057260050999545134,4
0.9190000295639038,9.5,0.01899999938905239,1.1200000047683716,9.786999702453613,0.8709999918937683,1.0344577803876664,9.61928659439087,0.4978999994074305,0.042647018724622704,0.04499724207289285,0.21148705167787973,4
0.8899999856948853,9.56700038909912,0.06700000166893005,1.14900004863739,9.682000160217283,0.6600000262260437,1.0423022124502395,9.620444314744738,0.37139333854118983,0.041061212599047214,0.025383354602212797,0.14753952519396799,4
0.9670000076293944,9.586000442504883,-0.16200000047683716,1.10099995136261,9.720000267028807,0.20100000500679016,1.0448355514473384,9.635508844587537,-0.018786666616797447,0.030758928707307637,0.026322294872855836,0.07488872754078105,4
0.8999999761581421,9.56700038909912,-0.4880000054836273,1.253999948501587,9.720000267028807,0.2960000038146973,1.0232111089759401,9.629659938812257,-0.06919000007212162,0.04957283631003139,0.02899657155984302,0.11585929017360432,4
0.8040000200271606,9.25100040435791,-0.7749999761581421,1.1579999923706057,9.720000267028807,-0.3919999897480011,0.9735066703955333,9.5964865620931,-0.586910006304582,0.08426835305279133,0.06954975946508812,0.0996661669496761,4
0.8140000104904175,9.529000282287598,-0.8230000138282776,1.1770000457763672,9.663000106811523,-0.32499998807907104,0.9893333335717519,9.600473302205403,-0.5713266728321711,0.07743146449738107,0.03291665141770399,0.10101138327567116,4
0.9670000076293944,9.529000282287598,-0.6320000290870667,1.1679999828338623,9.682000160217283,-0.2870000004768372,1.0633733268578847,9.608919893900554,-0.4643400067090988,0.04143589199890392,0.028871867476664977,0.07141860243914265,4
0.7369999885559082,9.510000228881836,-1.378999948501587,1.1970000267028809,9.729999542236328,-0.2770000100135803,1.0685199983914693,9.60471990585327,-0.5113866657018662,0.0834812535759029,0.031229877577894128,0.17754322160789446,4
1.0529999732971191,9.489999771118164,-0.6029999852180481,1.312000036239624,9.652999877929688,-0.0949999988079071,1.1486000061035155,9.596959893968371,-0.3251666674349043,0.044509079272846336,0.03254346020278635,0.10891342557975102,4
0.9480000138282776,9.510000228881836,-0.6029999852180481,1.187000036239624,9.701000213623047,-0.1809999942779541,1.0899822215239208,9.594086598290337,-0.4184566686219639,0.05438316013005649,0.03199968958913628,0.08490565488428947,4
0.7559999823570251,9.45199966430664,-1.034000039100647,1.2450000047683716,9.911999702453613,-0.1340000033378601,1.0890311113993327,9.605279846191406,-0.36001666824022927,0.06057372962991696,0.05726069041470572,0.16043889160466937,4
-554501.9375,9.395000457763672,-1.1100000143051147,1.350000023841858,9.711000442504883,-0.5450000166893005,-7392.194186664025,9.536113503774008,-0.8038866678873698,63600.21579396884,0.04056871490725107,0.12780957731070047,4
0.9190000295639038,9.366000175476074,-755235.5,1.3400000333786009,9.633999824523926,-0.3540000021457672,1.1131066751480103,9.542153345743815,-10070.550940001607,0.1063430546576714,0.048393850503919866,86623.66580310416,4
0.9480000138282776,9.489999771118164,-1.0149999856948853,1.1390000581741333,9.604999542236328,-0.25799998641014105,1.0498066624005635,9.541320152282715,-0.6814933288097381,0.05209379966983484,0.0280848354421176,0.2649506830390103,4
0.9480000138282776,9.470999717712402,-1.034000039100647,1.090999960899353,9.57699966430664,-0.4399999976158142,1.0172866690158844,9.534660167694092,-0.6629533364375433,0.033494906533430874,0.023066871391420017,0.13850325741532965,4
0.9480000138282776,9.480999946594238,-0.8899999856948853,1.0820000171661377,9.595999717712402,-0.621999979019165,1.0153666714827219,9.533113492329916,-0.7545333302021027,0.02557133400495314,0.025348003011707917,0.06050163552333404,4
-554501.9375,-772874.25,-648334.0,1.0529999732971191,9.633999824523926,-0.16200000047683716,-81326.11580666184,-247313.2652710257,-155600.5313466682,180023.52069087498,302544.45923801133,238952.13532652546,4
-554501.9375,-772874.25,-971541.1875,1.914999961853028,9.614999771118164,0.7945000231266022,-96112.85929333846,-185482.70856205196,-215156.7192766631,191320.68951327223,275360.6823815244,352277.98023769713,4
-554501.9375,-772874.25,-667519.25,2.010999917984009,9.604999542236328,1.090999960899353,-48055.12596334617,-113346.85141322453,-71201.36742666601,142662.30654597253,256240.3212596042,177924.40924072085,4
-554501.9375,-772874.25,-667519.25,4.730999946594238,15.64900016784668,9.20300006866455,-37405.44392260985,-92001.18537303379,-74167.02431744435,113406.53799016529,250293.91646064157,209781.69123191264,3
-0.5170000195503235,3.390000104904175,-2.000999927520752,6.750999927520753,22.48699951171875,4.89300012588501,1.9372266487280527,9.146940005620321,0.38215999652942023,1.4698725804018606,4.52067070203365,1.1493823939764631,3
-0.8610000014305115,3.390000104904175,-4.2230000495910645,4.691999912261963,18.645999908447266,8.303000450134277,2.126000001579523,9.52081997871399,0.4244266743957996,1.2472238358169203,3.6595562716265824,1.5825804585667387,3
0.20100000500679016,2.6519999504089355,-1.7710000276565552,8.609000205993652,20.600000381469727,4.8460001945495605,2.6817066701253256,9.00558669090271,0.656073333621025,1.8852674498450814,5.061977944540429,0.982955667720079,3
0.37299999594688416,3.226999998092652,-1.49399995803833,9.069000244140623,20.3700008392334,5.745999813079834,3.214133341709773,8.729140036900839,0.8429400096833706,1.7865000830739528,4.132736269751622,1.2725640406804193,3
-0.1720000058412552,0.8330000042915344,-0.8809999823570251,8.369999885559082,17.132999420166016,12.545999526977539,2.0979866735637187,3.9217399668693544,8.049693303306897,2.1022388410061335,3.195764013479866,3.2853337128965676,3
-0.4020000100135803,1.8289999961853027,8.781999588012695,0.8899999856948853,3.2750000953674316,10.142000198364258,-0.0033333337679505347,2.6859066661198936,9.451600062052409,0.24285601052283962,0.36398096942173397,0.26287056434722134,3
-0.5360000133514404,3.063999891281128,-10.256999969482422,5.918000221252441,19.36400032043457,9.54800033569336,1.031274041062436,6.857293276832654,4.339548081446153,1.2285996131703854,3.3366171063593635,4.534017005214662,3
-1.0049999952316284,2.556999921798706,-1.9630000591278083,4.913000106811523,24.37299919128418,6.7129998207092285,1.1243200068672499,8.868000008265177,0.8083333277453979,1.3395667080824643,6.157062964795514,1.6629782192376668,3
-1.5800000429153442,1.187000036239624,-2.3550000190734863,5.63100004196167,22.572999954223643,4.434000015258789,1.576086662982901,10.85417995929718,0.8109466724842787,1.431080419586691,6.248150112587302,1.6004962142991728,3
-3.3989999294281006,3.4760000705718994,-2.844000101089477,4.48199987411499,22.150999069213867,5.420000076293945,1.2031066644440094,9.541700035730997,0.9369800021375219,1.3435648874602721,4.471193211490824,1.5522608109102671,3
0.0,2.6519999504089355,-1.406999945640564,8.590000152587889,26.26000022888184,6.664999961853027,2.2507599812746046,9.525219990412394,1.24528000600636,1.944610913191447,5.727551235237457,1.5151301066756528,3
-0.6320000290870667,2.1830000877380367,-2.757999897003174,7.61299991607666,24.54599952697754,9.366000175476074,2.57358000377814,9.321506706873576,1.2425133330126603,1.9384212635819413,5.34088034450987,1.8067557691490146,3
-0.4779999852180481,2.7860000133514404,-2.441999912261963,9.777999877929688,18.905000686645508,12.086000442504885,2.710199996729692,8.377913330396016,2.5554866671562193,1.8682080429748953,4.849555548297456,3.138121343225955,3
-3.1600000858306885,0.20999999344348907,-10.984000205993652,5.23799991607666,14.269000053405762,12.55500030517578,1.0034766334030674,6.32521495863656,5.299182213015993,1.1555916543807938,3.775933577694025,4.163635343591192,2
-0.37299999594688416,3.821000099182129,1.0049999952316284,3.802000045776367,15.045000076293945,7.61299991607666,1.1808400042851765,9.299713436762492,2.949704469309913,0.9682178096449848,3.0561587609472043,1.566382795198752,2
-0.11400000005960464,3.8499999046325684,0.7559999823570251,3.7060000896453857,16.118000030517578,7.565000057220459,1.4574933450917402,9.116386658350626,2.8651622233125895,0.9280006726965968,3.190713001046193,1.6675884395956224,2
0.06700000166893005,4.710999965667725,1.1679999828338623,4.2129998207092285,14.576000213623047,8.552000045776367,1.270433329542478,8.951606620152791,3.4654533084233603,0.7790784252126918,2.7792986283125045,1.5945452861222207,2
-0.5740000009536743,2.719000101089477,0.6320000290870667,3.954999923706055,16.999000549316403,7.182000160217285,1.4811200008789698,8.908859945933024,3.1469866724809012,1.096309828168789,3.488935186751005,1.543628356986069,2
-0.8709999918937683,4.386000156402588,0.8040000200271606,4.932000160217285,14.30799961090088,6.8379998207092285,1.812673340936502,8.94307333946228,2.8339799857139587,1.1686702757017169,2.9264486464424326,1.3562381903898952,2
-1.9249999523162842,1.8814999461174011,1.2920000553131104,4.386000156402588,14.661999702453613,11.300999641418455,1.9966866666078567,7.762906674544016,4.103053327401479,1.0632706660676272,3.225406927046751,2.802184750334121,2
-1.0149999856948853,0.9959999918937684,-7.8429999351501465,2.441999912261963,13.723999977111815,10.763999938964844,0.37212109062238596,5.759683527285233,5.859738257073332,0.7523540209219512,3.3296364712732527,4.306535782635551,2
-0.640999972820282,3.6480000019073486,1.1200000047683716,5.056000232696533,15.590999603271484,7.8429999351501465,1.4071400176982085,9.37871993223826,3.168499992688497,1.3646127494795954,3.2467423745781216,1.5571156872501433,2
-0.06700000166893005,3.4760000705718994,1.14900004863739,4.932000160217285,15.677000045776367,9.194000244140623,1.698180004755656,8.694033312797547,3.764346686999003,1.1864271152390111,3.2714386878475437,1.804772152930018,2
-0.5170000195503235,4.442999839782715,1.6560000181198118,4.625,13.88599967956543,8.8100004196167,1.954673324028651,8.131673336029053,4.201900052229563,1.1123315915846101,2.3942652603253665,1.7643862143945783,2
0.0860000029206276,4.5970001220703125,0.4779999852180481,5.199999809265137,14.12600040435791,7.010000228881836,2.324086644699176,8.853693396250407,3.6083400011062623,1.172522512738471,2.5694065369156185,1.586739843795321,2
0.10499999672174454,4.126999855041504,0.8230000138282776,4.558000087738037,14.968999862670898,6.78000020980835,2.1437200139959653,8.804840100606283,3.0783133141199746,1.1721016936467186,3.021006546295995,1.4410842767046625,2
0.25799998641014105,4.078999996185304,0.8040000200271606,4.491000175476074,14.881999969482422,6.080999851226808,2.131573344270388,8.772846689224243,2.785646653970083,1.064209858139663,3.0181841051569687,1.3485645558319073,2
-3.063999891281128,0.8420000076293945,-1.2059999704360962,5.499666531880695,11.291000366210938,12.152999877929688,0.29364335776625805,4.339402131128422,7.8861328463454345,1.9379948218646903,2.643840062738202,2.4483100863035756,2
-3.2079999446868896,-2.632999897003174,-1.3880000114440918,8.062999725341799,17.209999084472653,10.199000358581543,3.1336333509286245,8.875733253028656,2.6519666468103726,2.013491573955728,3.7837983537603606,2.1906468620065995,2
-2.9110000133514404,-1.6369999647140503,0.621999979019165,10.734999656677246,18.71299934387207,5.372000217437744,2.750099995334943,8.617486668427786,2.6939000233014423,2.8781449780126063,6.659215366454139,1.0469195556977107,2
-2.316999912261963,-2.125999927520752,0.0949999988079071,8.696000099182129,20.101999282836914,6.185999870300293,3.3459800087412197,9.25501989642779,2.7348999979098636,2.73575595821138,6.126265015386474,1.5737152832160852,2
-0.37299999594688416,1.2730000019073486,-0.2290000021457672,9.116999626159668,16.816999435424805,10.102999687194824,3.5944933210810026,8.483546595573426,4.387753335833549,2.297805593310495,4.463477861653187,2.859987979938696,2
-5.267000198364258,-4.2230000495910645,-1.2059999704360962,12.373000144958494,20.45599937438965,9.30799961090088,3.545320056080818,8.118306647737821,3.7774266594151658,3.918597997950194,7.549007007031803,2.5703453191178633,2
-4.65399980545044,-2.441999912261963,-0.01899999938905239,9.25100040435791,19.39299964904785,6.6459999084472665,1.7736666923761368,7.152193311055501,2.9164066556592783,3.3258018602354005,6.982291138564507,1.5196078996976015,2
-1.944000005722046,-2.6619999408721924,-0.3440000116825104,11.70300006866455,21.86400032043457,7.355000019073486,3.6150711064868504,10.316906732519469,3.3726133205162157,3.2950847736349678,6.981296166338178,1.6817760327770992,2
-4.078999996185304,-2.680999994277954,-1.1299999952316284,6.348999977111816,20.993000030517575,10.170000076293944,1.4882133244971436,8.671519976258278,3.6098333272669048,1.9338032595090542,5.601798818851656,2.2162436357742017,2
-4.35699987411499,-2.7860000133514404,-0.640999972820282,11.052000045776367,21.222000122070312,7.0960001945495605,1.9485955437190003,8.353059957673151,3.2008666699255506,3.223918654423952,7.840230579759584,1.7594725225355117,2
-3.246000051498413,-1.9529999494552608,0.01899999938905239,7.02899980545044,20.03499984741211,7.269000053405763,2.2522799897690615,9.327122217598887,3.2981066760544975,2.396244701785914,7.0941184694884365,1.660786080946906,2
-3.246000051498413,-1.8380000591278083,-0.05700000002980232,6.4070000648498535,18.85700035095215,6.923999786376952,1.7746200021107992,8.42871774908569,3.1281800051778554,2.251353320743828,6.694741757858858,1.5395436272911296,2
-0.4020000100135803,0.7940000295639038,-1.4739999771118164,3.1979999542236333,16.02199935913086,12.267999649047852,1.2973066682120165,5.335446647802988,7.086493284304937,0.7547187339396809,3.1593271460617363,3.032740888677756,2
-0.5170000195503235,4.107999801635741,7.709000110626223,0.6029999852180481,5.936999797821045,9.154999732971193,0.02247333330412706,5.2535266653696695,8.120059976577759,0.22004292984541168,0.3031991921086487,0.25035461169540374,2
-0.4020000100135803,3.7060000896453857,3.4189999103546143,1.2640000581741333,8.704999923706055,9.625,0.14502532031575713,4.980107591122011,8.25223418428928,0.3897945506545305,1.3340270103568905,1.263303608124908,1
0.2870000004768372,6.501999855041504,-4.797999858856201,3.380000114440918,12.68000030517578,9.107000350952148,1.7999266658888924,8.977586679458618,1.1902066932618618,0.729335516078765,1.144262762452117,2.956395750324758,1
-1.7710000276565552,5.861000061035156,-1.8769999742507928,4.816999912261963,14.843999862670898,6.252999782562256,1.8758599943502081,9.452246685028076,0.7410444423225191,1.1349942587139463,1.6858767738613056,1.5702994075061867,1
0.4589999914169312,5.7750000953674325,-1.6369999647140503,5.027999877929688,13.95300006866455,5.085000038146973,2.397846670150757,9.275793310801188,0.25034222243560683,0.8042691638420837,1.5135633154890302,1.0613876326290084,1
2.0780000686645512,7.986999988555907,-0.8809999823570251,3.9070000648498535,12.986000061035154,3.7920000553131104,2.6927333641052247,9.273906631469726,-0.05391333224872748,0.4961627288550451,0.6994344133616881,0.5839658214186587,1
-0.5649999976158142,4.165999889373778,-2.872999906539917,6.664999961853027,14.61400032043457,5.390999794006348,2.7101400168736776,9.299380003611248,0.6389733279744784,1.1933177639749513,1.8886380002454004,1.7779920407603678,1
0.5740000009536743,5.97599983215332,-2.700000047683716,6.664999961853027,14.364999771118164,5.545000076293945,3.252513336737951,8.965466651916504,0.7182599966228008,1.1450295675183673,1.5295023660135691,1.7550232097483387,1
1.8860000371932983,4.96999979019165,-1.3209999799728394,4.251999855041504,13.215999603271484,2.9489998817443848,3.0494933334986367,9.119606691996257,0.6243000001087785,0.562158972952188,1.5866043381965285,0.9613122896616809,1
2.7960000038146973,8.906000137329102,-0.5170000195503235,3.3129999637603764,9.279999732971193,0.02800000086426735,3.1546466827392576,9.064780000050863,-0.2643333362787962,0.09389187852819188,0.06599381001119763,0.0993278221940724,1
2.5850000381469727,9.01200008392334,-0.4690000116825104,3.1979999542236333,9.270000457763672,0.0,3.014793340365092,9.07385352452596,-0.33453333454827466,0.17368137196156544,0.03918404947502856,0.09480493471981202,1
-1.312000036239624,3.619999885559082,-0.4110000133514404,5.553999900817871,14.565999984741213,6.7129998207092285,2.47239999294281,9.11507332801819,1.4744733384499946,1.2943986879265261,1.8680830881424741,1.587013007553674,1
0.25799998641014105,3.9070000648498535,-1.8960000276565552,4.691999912261963,14.91100025177002,6.177000045776367,2.154513345360756,9.4910400168101,1.3144799974560737,1.0441465954663405,2.3609392765066177,1.8445257713663976,1
-1.7330000400543213,3.8589999675750732,-2.375,6.196000099182129,16.156000137329098,5.947000026702881,2.088673324982325,9.35697997411092,0.7784933221836885,1.4937820031522253,2.301408641976367,1.8506588202876355,1
0.2290000021457672,7.1630001068115225,-1.2350000143051147,3.96399998664856,11.098999977111816,3.390000104904175,1.7544399944941202,9.381413351694743,0.18065333048502605,0.562840441238437,0.5153416262341548,0.7881067961316184,1
1.934000015258789,8.10200023651123,-0.5070000290870667,3.5810000896453857,10.878999710083008,0.8519999980926514,2.4045333433151246,9.271939964294434,0.07771333297093709,0.38331969147284,0.3413875566281008,0.32954110218920923,1
-0.12399999797344208,5.764999866485598,-0.9480000138282776,5.545000076293945,14.881999969482422,7.15399980545044,2.2847599864999455,9.288886597951253,1.3872866569459439,0.9175784012548096,1.9425400765815446,1.7309004334942208,1
-1.378999948501587,4.883999824523926,-3.303999900817871,6.942999839782715,14.375,7.498000144958496,2.4499000046153863,9.220373328526815,0.9693466632068157,1.4247469226458704,2.1389645168779112,2.125651440776096,1
-1.6560000181198118,4.165999889373778,-3.1600000858306885,7.15399980545044,16.51099967956543,6.320000171661378,2.3665333405633766,9.635946671168009,0.3457933232809107,1.4813000186896552,2.7131105614620017,2.1126615134090754,1
0.008999999612569809,3.2939999103546143,-1.0429999828338623,4.797999858856201,12.746999740600586,5.199999809265137,2.5916799934208394,8.999426652590433,1.0170999972770611,0.9861222612250975,1.8580492522220504,1.3431233521340742,1
2.5280001163482666,8.149999618530272,-0.6029999852180481,3.96399998664856,10.256999969482422,0.4300000071525574,2.906326675415039,9.10212672551473,-0.0888600009183089,0.3333109126654785,0.3216776693685058,0.22097876088760257,1
-0.5929999947547913,5.955999851226808,-2.2980000972747803,5.927999973297119,13.866999626159668,7.0960001945495605,2.2854599925875663,9.358126672108968,1.1830400161693493,1.2821605470671833,1.704912839435627,1.9447547387894788,1
-1.6759999990463257,4.960000038146973,-3.2079999446868896,5.027999877929688,13.522000312805176,7.565000057220459,1.6299933298428853,9.416153389612834,0.6393066679189603,1.1137191933401283,1.8160055609415025,1.8414790309096123,1
1.02400004863739,8.217000007629395,-0.7369999885559082,4.107999801635741,10.142000198364258,1.49399995803833,2.2937133304278055,9.209800078074137,-0.18813333787024022,0.5396668486621876,0.3247533022986677,0.48576224194061135,1
0.8230000138282776,6.626999855041504,-1.7519999742507937,4.2230000495910645,13.435999870300293,4.251999855041504,1.985326671997706,9.470966720581055,0.3201866655548414,0.5133738817199953,1.1006532055058236,0.9343349304773355,1
-2.1449999809265137,4.423999786376953,-1.9919999837875368,7.0,14.729000091552734,6.501999855041504,2.1100266547004383,9.335846694310506,0.4938799961407979,1.426073394618247,1.8514314973727817,1.674457303180518,1
-0.3059999942779541,4.702000141143799,-3.8589999675750732,4.797999858856201,15.428000450134276,6.78000020980835,2.156999991411964,9.51634007136027,0.7378733370701472,1.036605879526983,1.9614361651129342,1.5184994415762054,1
1.3849999904632568,8.88700008392334,-0.2290000021457672,2.98799991607666,9.73033332824707,0.9033333460489908,2.489366656939189,9.21813330332438,0.0482200010617574,0.33237965352700766,0.13165728690098585,0.20421086865386454,1
-1.2640000581741333,5.2290000915527335,-1.1770000457763672,4.940999984741211,13.906000137329102,7.382999897003174,2.5714999906222027,9.16003334681193,1.3750199900567532,1.0865321700045967,1.8610470173359799,1.903573244685952,1
-0.3919999897480011,6.099999904632568,-3.13100004196167,7.326000213623048,14.710000038146973,6.914000034332275,2.75298666074872,9.074086691538493,0.3511799987157186,1.4514254330960132,1.8568537993501815,1.8948089118426998,1
-0.7940000295639038,6.185999870300293,-3.2750000953674316,7.939000129699707,14.527999877929688,7.440999984741211,2.7116533396641413,9.19274001121521,0.518580002784729,1.3781885820627897,1.7389337883289377,1.8108286232719728,1
-1.8960000276565552,6.885000228881836,-2.2309999465942383,6.7129998207092285,13.503000259399414,5.831999778747559,2.2646933356920878,9.619184448454115,0.43007776432153255,1.3525945336934664,1.8623640246106032,1.7110957954824668,1
-554501.9375,7.355000019073486,-0.8040000200271606,2.32699990272522,9.653666814168297,1.8476666609446213,-7391.354940061569,8.90568888452318,-0.17991111314958994,63600.313355591374,0.6464624815681342,0.4875870816847407,1
-0.9380000233650208,6.234000205993652,-3.4470000267028813,7.144000053405763,14.067999839782715,5.745999813079834,2.457913340305289,9.48107334136963,0.44435333540042243,1.6569019444761408,1.8530723177594348,2.0018792936593917,1
-0.9279999732971193,5.89900016784668,-2.9590001106262207,6.73199987411499,13.723999977111815,6.750999927520753,2.346506668726603,9.085633341471354,-0.05000000295539698,1.494499804720744,1.7998660551568482,1.9372202272081727,1
-1.3980000019073486,4.65399980545044,-3.371000051498413,6.252999782562256,14.039999961853027,6.061999797821045,2.023093332449595,9.506093295415242,0.5312266643842062,1.704941681950691,2.123231788948312,2.2591707478012215,1
0.3059999942779541,6.291999816894531,-2.5850000381469727,6.656000137329103,13.925000190734865,3.8499999046325684,2.501279991467794,9.369593413670858,0.12143999904394152,0.9685789956627452,1.693782047607103,1.3608145041547102,1
2.3550000190734863,8.897000312805176,-0.4690000116825104,2.815000057220459,9.480999946594238,0.3160000145435333,2.540746660232544,9.191346696217854,-0.17142000036935012,0.13844873292840684,0.08272968977717747,0.17975898270304086,1
0.5839999914169312,6.234000205993652,-1.3880000114440918,5.486999988555908,13.895999908447266,4.367000102996826,2.659766668478648,9.135753288269044,0.5736733302722374,0.898648770507655,1.5637148375163077,1.294637105473796,1
-1.1390000581741333,4.769000053405762,-2.7960000038146973,5.63100004196167,14.355999946594238,6.415999889373777,2.3599466657141845,9.498520008722942,0.8444933356841405,1.433061201429473,2.321734201308159,2.1423672009519152,1
-0.1720000058412552,4.059999942779541,-2.441999912261963,5.745999813079834,14.881999969482422,5.572999954223633,2.390746673643589,8.586086641947428,0.4297866525625189,1.2510072337671658,2.0685040547315627,1.655403622655868,1
-0.2960000038146973,4.855000019073486,-3.0739998817443848,6.559999942779541,14.097000122070312,6.061999797821045,2.755986660271883,9.627626676559448,0.6175733370582263,1.4668763819664026,2.3368007368169,2.2902412103249294,1
-0.6600000262260437,5.6690001487731925,-3.371000051498413,5.285999774932861,14.767000198364258,5.09499979019165,1.993673335313797,9.106153345108032,0.09540666391452153,1.0261083309578374,1.586528149839282,1.4184578983012794,1
1.1770000457763672,7.15399980545044,-0.8610000014305115,4.002999782562257,11.376999855041506,2.680999994277954,2.169299987157186,9.199413299560547,0.03309333115816116,0.3988755912808241,0.5517464744470074,0.6684306856107642,1
-0.8999999761581421,6.750999927520753,-2.977999925613404,4.01200008392334,13.647000312805176,4.816999912261963,1.8438000073532264,9.392746721903483,0.697840004513661,1.0166151178666556,1.5646727265718294,1.4718616805126026,1
-1.2920000553131104,6.1479997634887695,-3.3420000076293945,5.831999778747559,13.39799976348877,6.636000156402588,2.122553299665451,9.268243268330892,0.42422000414795347,1.2196186927728634,1.7422563836677578,1.7062111800364976,1
-1.090999960899353,5.5349998474121085,-4.059999942779541,5.113999843597412,13.972999572753904,5.304999828338623,2.340026654402415,9.30348337173462,0.36725331851177745,1.210195641319728,2.078994816720548,1.7704335408894654,1
0.4300000071525574,5.5929999351501465,-0.5070000290870667,3.74399995803833,11.243000030517578,3.3229999542236333,2.069191105630663,9.237395548290676,0.23423333344360192,0.525723185333926,0.597527340153963,0.6726997099385986,1
-0.7559999823570251,6.11899995803833,-3.063999891281128,5.802999973297119,14.25,7.335999965667725,2.731828886402978,9.217951091660392,0.05009110460678733,1.1957550729179018,1.695882768784616,1.7380661328097626,1
-2.174000024795532,5.4679999351501465,-3.562000036239624,6.4070000648498535,13.56999969482422,7.15399980545044,2.199606637855371,9.035580077171325,0.2946022141973177,1.4056952773586073,2.1027443981833427,1.85266200858724,1
0.2680000066757202,5.745999813079834,-2.4130001068115234,4.175000190734863,14.42300033569336,4.730999946594238,2.0443866578737895,9.255993359883627,1.260446681380272,0.7722685969686194,1.9066950696911118,1.5107948206824344,1
0.6510000228881836,6.750999927520753,-0.9760000109672546,4.769000053405762,13.29300022125244,6.196000099182129,2.1409666736920676,9.24274003982544,1.0579866815110048,0.7269899853739229,1.1328666297189909,1.938682949518406,1
-0.5929999947547913,5.688000202178955,-2.3550000190734863,6.080999851226808,13.647000312805176,6.204999923706055,1.5393400067090988,9.64317327817281,0.9962466854353745,1.2033493861787734,1.6482834655263803,1.454737510033865,1
-0.6600000262260437,6.291999816894531,-1.49399995803833,4.453000068664551,13.130000114440918,6.617000102996826,2.2397600080569586,9.093613354365031,1.8744066818555196,1.0613796941080627,1.6281323181235756,2.0845201695414213,1
-0.6320000290870667,4.0219998359680185,-2.2980000972747803,5.113999843597412,13.71399974822998,4.434000015258789,2.1476666664083797,9.19762672106425,0.39372666290650754,1.166349256887513,1.9061654089433178,1.5050174439306163,1
1.6950000524520874,7.210999965667725,-1.5889999866485596,3.993000030517578,9.883000373840332,0.5170000195503235,2.146353324254354,9.172413345972696,-0.9077400014797846,0.35171557153424765,0.4953099391031568,0.30050324068546386,1
1.5410000085830688,9.097999572753906,-1.7230000495910645,2.1540000438690186,9.720000267028807,-0.6990000009536743,1.8271133343378703,9.28661330540975,-1.2054533390204112,0.12436266026295799,0.10864692406910323,0.21061726467140493,1
0.4589999914169312,0.2290000021457672,-2.2309999465942383,3.954999923706055,9.480999946594238,11.529999732971193,2.0146799886226656,3.8573000226418177,7.41272669672966,0.7700621643817106,2.5088515342165,3.726112762132594,1
-0.3919999897480011,2.624000072479248,8.168999671936035,2.240999937057495,3.677000045776367,10.256999969482422,0.6637666630372405,3.1438333415985107,9.191760056813559,0.932935361682053,0.24020345235719254,0.3973275310477751,1
-0.44999998807907104,2.700000047683716,8.878000259399414,0.25799998641014105,3.1500000953674316,9.826000213623047,-0.02272000023474296,2.986666679382324,9.274153289794922,0.1931965714827736,0.1059100725593517,0.18397816163324837,1
-0.37299999594688416,2.700000047683716,9.039999961853027,0.02800000086426735,3.0450000762939453,9.56700038909912,-0.15836000055074692,2.8997600015004474,9.313126691182454,0.10001417697987813,0.0742830141962099,0.09966140157821035,1
-0.3160000145435333,3.0160000324249268,8.743000030517576,0.15299999713897705,3.8975000381469727,9.395000457763672,-0.012720000048478447,3.3277733262379963,9.152413419087727,0.11342697988900469,0.2285390526829098,0.14983191933239118,1
-0.3630000054836273,3.2170000076293945,8.772000312805176,0.20999999344348907,3.993000030517578,9.461999893188477,-0.030566666945815085,3.4212933492660524,9.149333305358887,0.12709133064773329,0.15731194186888825,0.1153584888905295,1
-0.05700000002980232,3.1410000324249268,8.906000137329102,0.2290000021457672,3.3989999294281006,9.480999946594238,0.10094666751722495,3.277226668993632,9.191760037740071,0.061726039309910705,0.05091484327118603,0.10000947365202323,1
0.0,3.13100004196167,8.906000137329102,0.25799998641014105,3.3229999542236333,9.45199966430664,0.1359600003808737,3.2461733293533324,9.169966634114584,0.057914578525761304,0.046609697650211335,0.1280046146349361,1
-0.2680000066757202,2.815000057220459,8.675999641418457,0.44999998807907104,3.4279999732971187,9.711000442504883,0.007506667152047158,3.1033999888102213,9.238926709493,0.15776844996270067,0.15801090565248768,0.21040709606460847,1
-0.1340000033378601,2.5280001163482666,8.819999694824219,0.2680000066757202,3.380000114440918,9.711000442504883,0.020219999998807907,3.0623533312479654,9.259820054372152,0.0812143358291021,0.21941912262490154,0.1809804782640309,1
-1.0720000267028809,2.470000028610229,-18.952999114990234,1.7810000181198118,9.87399959564209,9.826000213623047,0.0650267173884479,4.3695203751401435,7.299303449363313,0.5780999102666732,2.141045364266954,4.707833889944505,1
-3.0550000667572017,6.742000102996826,-2.240999937057495,2.8340001106262207,14.489999771118164,7.010000228881836,0.5538044439752897,9.467944454616969,0.8154966844121615,1.2129626350090108,1.7807593789120593,1.6697045208300594,1
-3.1700000762939453,6.263000011444093,-2.2309999465942383,2.115999937057495,14.854000091552734,8.321999549865723,-0.6161377909696765,9.565900042851766,0.6796999845902125,1.0204523777686818,2.0623155678603475,1.9797349530993027,1
-2.680999994277954,5.526000022888184,-1.914999961853028,4.52899980545044,14.710000038146973,7.9770002365112305,0.17963999337620207,9.394166650772094,0.812493340720733,1.2605164129463882,2.1186470139308766,2.043976613861462,1
-3.878000020980835,6.493000030517577,-3.111999988555908,3.96399998664856,14.154999732971193,6.664999961853027,-0.04903332802984448,9.641380004882812,0.46154666811227796,1.3166127745819038,2.005025196010799,1.770435582408277,1
-3.562000036239624,5.390999794006348,-3.505000114440918,5.429999828338623,14.91100025177002,6.177000045776367,-0.07018665536410275,9.383940013249715,0.554799993733565,1.4300239672807933,2.0565006189495043,1.8981167720584855,1
-4.48199987411499,5.947000026702881,-2.211999893188477,3.9839999675750732,14.279000282287598,7.374000072479247,-0.2505133305241664,9.161333373387654,1.0541466597716014,1.435981967524482,2.0185261543229553,1.8707888866566356,1
-4.423999786376953,5.439000129699707,-2.308000087738037,3.619999885559082,14.873000144958494,7.0960001945495605,-0.35309333622455596,9.567873338063558,0.5372066672146321,1.258543077473574,2.3832571458038663,1.94364346857761,1
-3.7920000553131104,5.09499979019165,-3.371000051498413,4.548999786376953,15.130999565124512,7.182000160217285,-0.7003533428410689,9.985679953893026,0.9637800136870808,1.5694305336737011,2.664429546261183,2.421601802798189,1
-5.056000232696533,5.5349998474121085,-3.562000036239624,6.482999801635742,14.67199993133545,7.066999912261963,-0.3279800130923589,9.574086637496949,0.6072133373551899,2.0178643188753216,2.342219298265233,2.4158590818451664,1
-3.303999900817871,5.955999851226808,-2.815000057220459,4.375999927520752,14.968999862670898,6.550000190734862,-0.3053533295542002,9.285060011545816,0.7673799945414066,1.340928726827911,2.2728723180991266,2.084079506517813,1
-4.328000068664552,5.802999973297119,-3.0160000324249268,5.486999988555908,14.996999740600586,7.239999771118164,-0.08956000352899234,9.446713339487712,0.6405133375028769,1.8064223389458915,2.3406796973075856,2.4470187134875307,1
-3.532999992370605,5.727000236511231,-3.13100004196167,4.2230000495910645,15.130999565124512,6.7129998207092285,0.007686670298377673,9.384933315912882,0.21280666366219517,1.382746597658166,2.466800945551069,2.0315759754241567,1
-2.470000028610229,5.4780001640319815,-2.3940000534057617,2.5850000381469727,14.86299991607666,6.02400016784668,-0.19841332470377288,9.308726660410564,0.7945466783394416,1.073822835612556,2.0827531588396937,1.9461108722129283,1
-4.165999889373778,5.955999851226808,-2.881999969482422,4.070000171661377,14.595000267028807,6.493000030517577,-0.1604999889681736,9.63295334815979,0.5316000118851661,1.2157247636743493,2.0456968271388702,1.9092868748192722,1
-3.4570000171661377,6.568999767303468,-2.5850000381469727,3.1700000762939453,14.394000053405762,6.8379998207092285,0.017986666510502503,9.56202672322591,0.6129466645047068,1.0145996215628412,1.8802217027623824,1.6746704085075748,1
-4.48199987411499,6.493000030517577,-2.5280001163482666,2.9489998817443848,14.958999633789062,6.942999839782715,-0.18664667695760728,9.689093301561144,0.6717399840056896,1.2022144582909373,2.011722736245106,1.8651830981296058,1
-2.9300000667572017,5.813000202178955,-2.9110000133514404,5.639999866485598,14.977999687194824,6.9619998931884775,-0.026186670040090808,9.47927334997389,0.5251933419456084,1.3564757445525897,2.115095667955393,1.9582800090408439,1
-3.246000051498413,6.51200008392334,-2.4609999656677246,3.936000108718872,14.892000198364258,6.73199987411499,-0.00283333343764145,9.62779335339864,0.639453310072422,1.2388460229975562,2.046082103553365,1.7841125784540575,1
-2.805999994277954,5.8420000076293945,-2.1059999465942383,5.046999931335449,14.163999557495115,6.761000156402588,0.20715998627245427,9.509233293533326,0.5654933241878948,1.356310314094378,2.118082582443378,1.9544759112603087,1
-2.815000057220459,5.97599983215332,-2.671999931335449,3.9260001182556152,14.61400032043457,6.923999786376952,0.06835332691669462,9.61776668548584,0.6526666532705228,1.3754321671539889,2.1258679001406042,1.9131217515817136,1
-2.9010000228881836,6.043000221252441,-2.4609999656677246,4.251999855041504,13.914999961853027,7.210999965667725,-0.002686669876178107,9.427206637064616,0.5407800032198429,1.301723935709778,2.03625658805333,1.9412208758452854,1
-3.4760000705718994,6.234000205993652,-3.0260000228881836,3.121999979019165,15.312999725341795,6.894999980926514,-0.5314866711447637,9.642853336334229,0.812013317172726,1.2548020396161714,2.3870547028064304,2.070521252265039,1
-4.261000156402588,5.918000221252441,-3.0260000228881836,5.065999984741211,14.470999717712402,7.0960001945495605,-0.5779199911902348,9.287906719843546,0.5591800090670586,1.3766288826836393,2.111601535729105,1.879392680862772,1
-4.577000141143799,4.616000175476074,-2.565999984741211,3.562000036239624,15.486000061035154,8.159000396728517,-0.4376200022548437,9.346340084075928,0.7214200018843016,1.3026060424929784,2.4866223203667293,2.1198264878864723,1
-5.85099983215332,4.672999858856201,-3.532999992370605,6.991000175476074,15.984000205993652,9.998000144958496,-0.4294466636578242,9.342326676050822,0.9108466692020496,1.7455382407309248,3.030319303005128,2.4480748291731462,1
-4.8460001945495605,4.2709999084472665,-3.188999891281128,5.7170000076293945,15.916999816894533,10.678000450134276,-0.13317333531876405,9.479200048446655,1.2029867016027371,1.7751996927932139,2.9906392236219497,2.7735749621400423,1
-554501.9375,-1038254.5625,-648331.75,5.7170000076293945,16.25200080871582,8.857999801635742,-36967.164873328635,-27677.224646609626,-34577.04472667485,138316.9860750135,167271.95116931346,145678.56539051098,1
-554501.9375,-1038254.5625,-648331.75,5.027999877929688,14.67199993133545,8.560999870300293,-92417.01891666911,-173034.29121665953,-69154.89148667218,204155.79655685474,382266.822583877,183434.2981579118,1
-2.8919999599456787,6.0329999923706055,-1.350000023841858,2.000999927520752,14.54699993133545,7.890999794006348,-0.30263333265980086,9.767933349609375,1.4389133168756962,1.022606254130234,2.593906057514083,2.312372238374791,1
-3.3320000171661377,4.788000106811523,-1.2920000553131104,4.3379998207092285,14.795999526977539,7.326000213623048,-0.1935999962190787,9.119926646550496,0.8905000018204252,1.2739121928297084,2.6973716222595505,1.9608742248163902,1
-3.811000108718872,4.500499963760376,-0.5450000166893005,3.7060000896453857,15.715999603271484,8.972999572753906,-0.5051066589107116,9.822720003128051,2.234646633056303,1.3808712250729311,3.1568113171521985,2.4145163193136185,1
-3.063999891281128,4.375999927520752,-0.746999979019165,2.384000062942505,13.598999977111815,7.374000072479247,-0.13972666633625824,8.944113324483236,1.2094800077875456,1.0835238428116971,2.3984267158675214,2.0075131943394635,1
-4.318999767303467,5.401000022888184,-2.9300000667572017,4.386000156402588,14.211999893188475,8.130000114440918,0.06226666619380315,9.721533330281575,1.0690910909614628,1.6275587044481552,2.4478829617231805,2.5432047140332954,1
-554501.9375,5.401000022888184,-1.5410000085830688,2.059000015258789,14.163999557495115,7.728000164031982,-14786.784566657221,9.25768001768324,0.8575555578453672,78476.383570476,2.352832200126914,1.9139747364882835,1
-3.9070000648498535,5.927999973297119,-3.1600000858306885,5.123000144958496,14.538000106811525,6.942999839782715,-0.2166800048450629,9.771553320354887,0.6761999781926473,1.5877936620439712,2.516290647772788,2.5617546486013105,1
-3.390000104904175,5.5349998474121085,-1.9529999494552608,3.9070000648498535,13.63700008392334,7.565000057220459,0.205779996017615,9.204593359629314,0.2773066667591532,1.468613123987248,2.127164450192649,1.8996282073885251,1
-3.0929999351501465,5.372000217437744,-2.9300000667572017,4.184999942779541,14.824999809265135,7.679999828338622,0.055006669635574025,9.698673289616902,0.4901133293906847,1.5468280949855457,2.6097163117805056,2.387603536673204,1
-3.505000114440918,3.13100004196167,-755235.5,4.65399980545044,14.996999740600586,6.550000190734862,-0.7960599925617377,9.169706602096557,-15104.45035999847,1.1273435384134343,2.3520705408497973,96323.42366699518,1
-554501.9375,-772874.25,-772874.25,3.532999992370605,13.847999572753904,7.0960001945495605,-22180.27596000654,-20600.788186683658,-30914.396286674986,90348.29682340095,109383.27670129904,128709.44190754053,1
-2.6429998874664307,6.636000156402588,-2.3359999656677246,1.4170000553131104,14.163999557495115,7.258999824523926,-0.7787199992438157,9.86071332613627,0.6212866710374753,0.8975179351203246,2.202859784690544,2.38903280030016,1
-3.236999988555908,5.113999843597412,-2.556999921798706,1.02400004863739,13.847999572753904,6.177000045776367,-0.5956466618180275,8.797413342793783,0.37024000539133944,1.1367510589611056,2.2224739998675913,1.9584770122041792,1
-3.9170000553131104,6.196000099182129,-1.9249999523162842,2.1540000438690186,14.192999839782715,6.809000015258789,-0.5550533379862705,9.678180017471313,0.6683066602547963,1.354089854131933,2.138525262769616,2.2094006201184517,1
-554501.9375,0.0,-772874.25,2.3550000190734863,14.364999771118164,7.296999931335449,-48057.402996666555,9.48624002456665,-56677.14226000227,152686.5738683436,2.5835196499316826,196471.69829539035,1
-4.414999961853027,5.63100004196167,-1.8860000371932983,2.086999893188477,13.906000137329102,7.747000217437744,-0.9735466698805492,9.358060022989909,1.2700266734759014,1.4082881865855754,2.008090065997691,2.353532817848138,1
-3.811000108718872,5.85099983215332,-2.671999931335449,2.4130001068115234,14.135000228881836,7.747000217437744,-0.6418533381819725,9.54642661412557,0.4611066661775112,1.3628291234094398,2.307222320847435,2.2968644177771487,1
-3.246000051498413,6.501999855041504,-2.125999927520752,1.7139999866485596,14.538000106811525,6.301000118255615,-0.3852933369576931,9.087773383458455,0.7302266696716349,1.0641652963243722,2.294562495519844,1.7007239058734513,1
-554501.9375,6.493000030517577,-1.6660000085830688,2.240999937057495,13.130000114440918,6.482999801635742,-7393.754057644724,8.621614592581084,0.3699281491394396,63600.03446731233,1.9042886133420949,1.6272992682690794,1
-554501.9375,5.602000236511231,-755235.5,1.3209999799728394,14.920999526977539,5.50600004196167,-7394.048862354838,9.385845442107229,-10069.385234818763,63600.00019768276,1.7836439797984176,86623.80132315888,1
-4.0219998359680185,6.080999851226808,-2.6429998874664307,3.4279999732971187,14.192999839782715,7.172999858856201,0.5669466711084048,9.633479989369711,0.09789111230108474,1.4951299989019935,1.8608488874843565,2.3192327100408847,1
-4.635000228881836,4.625,-2.86299991607666,4.318999767303467,14.355999946594238,8.043999671936035,0.31766666096945606,9.249653317133586,-0.14688446028365026,1.4949544858657449,2.790813095125138,2.2770915064609105,1
-3.532999992370605,4.52899980545044,-2.9300000667572017,4.539000034332275,15.437999725341795,7.585000038146973,0.48569332969685397,9.688573296864828,0.7066666631152233,1.546607933422051,2.8355697222922283,2.626237854165432,1
-1.4650000333786009,5.7170000076293945,-2.556999921798706,2.345999956130981,13.866999626159668,6.789999961853027,0.26439333545664945,9.534046697616578,0.2618399981657664,0.9628978689145666,1.9610790196723324,1.9467141286189846,1
-554501.9375,6.493000030517577,-2.872999906539917,2.470000028610229,14.652999877929688,7.660999774932861,-11090.431936672583,9.401099999745687,0.8094066686928272,70721.54469473864,1.9314910532703828,1.9745275044488184,1
-3.5910000801086426,6.196000099182129,-1.6369999647140503,2.345999956130981,15.083999633789062,7.210999965667725,-0.748106662241949,9.246680046717326,1.9891133299469947,1.1788018755080008,2.4994367832918023,2.0632107420205092,1
-1.7810000181198118,5.736000061035156,0.1430000066757202,1.7039999961853027,14.758000373840332,6.2729997634887695,0.08481333370010058,8.849273389180501,2.439080014228821,0.8413520152702185,2.49478743380317,1.5882256768906509,1
-1.6469999551773071,6.568999767303468,-1.6369999647140503,3.7060000896453857,14.44200038909912,6.434999942779541,0.6012466691434384,9.555206680297852,1.3703333285202584,1.163587364706251,2.120536880913468,1.9312052961498543,1
-2.5280001163482666,6.675000190734862,-755235.5,3.96399998664856,13.22599983215332,6.550000190734862,0.5207133238514264,9.63810663541158,-10069.374513328075,0.9105514461437674,1.5092515217877305,86623.80256955192,1
-554501.9375,6.750999927520753,-648334.0,3.993000030517578,13.906000137329102,6.501999855041504,-85023.21422332332,8.99695333480835,-21610.552833346723,184593.7086951902,1.7292358713521954,100206.75326686137,1
-554501.9375,-772874.25,-755235.5,2.115999937057495,9.30799961090088,10.142000198364258,-55449.25269666989,-41216.25788667679,-61928.60529999335,139750.6761111323,145109.46695821467,170568.77812027922,1
-0.15299999713897705,2.996999979019165,8.581000328063965,0.6029999852180481,3.8499999046325684,9.663000106811523,0.3102733347316583,3.2968533404668174,9.134026724497478,0.18674303538893988,0.19990001247442762,0.2735840397575856,1
-0.2489999979734421,3.044999957084656,8.321999549865723,0.9190000295639038,4.107999801635741,9.682000160217283,0.2563199976583322,3.42718666712443,9.035106716156006,0.326204065919669,0.2677703481971165,0.27865583019413176,1
-1.36899995803833,3.188999891281128,8.015999794006348,0.25799998641014105,4.932000160217285,9.595999717712402,-0.2694799991945426,3.740506642659505,8.908560009002686,0.40167659307162107,0.4662680597485501,0.3814788931479696,1
-1.6369999647140503,3.2079999446868896,7.795000076293945,0.6890000104904175,4.909666697184245,9.682000160217283,0.06024000659585,3.761506668726603,8.902340017954508,0.5985060574051847,0.4885107777700099,0.4672438150027441,1
0.2199999988079071,3.188999891281128,8.96399974822998,0.5740000009536743,3.390000104904175,9.470999717712402,0.4096000029643377,3.2852066548665366,9.129306666056316,0.08081454803076377,0.042596892978763325,0.10475568272899281,1
0.02800000086426735,2.977999925613404,8.925000190734863,0.3440000116825104,3.380000114440918,9.355999946594238,0.16969333313405513,3.227513343493144,9.166693325042724,0.08427825582392505,0.09787644157783496,0.10348731939083332,1
-0.9480000138282776,2.9590001106262207,8.532999992370605,0.20999999344348907,4.107999801635741,9.595999717712402,-0.09681999884545803,3.3481400124231975,9.10585999170939,0.36313300024712647,0.3282605378213095,0.20788654275370588,1
-0.7749999761581421,3.3634999990463257,8.369999885559082,0.022333336373170202,4.567999839782715,9.154999732971193,-0.4937955594642294,4.233180017471313,8.682006664276123,0.1522046184779139,0.27664768440435056,0.19036109191615,1
-0.14749999716877935,2.5850000381469727,8.991999626159668,0.3350000083446503,3.3420000076293945,9.470999717712402,0.17410222054355673,3.084926657676697,9.229306704203287,0.09558233391767572,0.09595263387617582,0.08701887492902077,1
-0.2870000004768372,2.509000062942505,9.154999732971193,0.15299999713897705,2.815000057220459,9.682000160217283,-0.17573076773148316,2.662269243827233,9.418000001173754,0.1222094056664611,0.09996010730062883,0.12891692712386202,1
